ISO,name,region_ar6_6_ipcc_fgd,region_ar6_10_ipcc_fgd,region_ar6_22_ipcc_fgd,M49_Hi_M49_Regions,M49_Med__M49_Regions,M49_lo_M49_Regions,Developing_2021_M49_other,SIDS_M49_other,LLDC_M49_other,LDC_M49_other,Annex_I_unfccc,Annex _II_unfccc,WMO,EU,OECD,Income _status_WB,Former Soviet Union
CXR,Christmas Island,Developed Countries,Asia-Pacific Developed,Asia-Pacific Developed (others),Oceania,Australia and New Zealand,Australia and New Zealand,Developed,,,,Territory,,N/A,,,N/A,
CCK,Cocos (Keeling) Islands,Developed Countries,Asia-Pacific Developed,Asia-Pacific Developed (others),Oceania,Australia and New Zealand,Australia and New Zealand,Developed,,,,Territory,,N/A,,,N/A,
HMD,Heard Island and McDonald Islands,Developed Countries,Asia-Pacific Developed,Asia-Pacific Developed (others),Oceania,Australia and New Zealand,Australia and New Zealand,Developed,,,,Territory,,N/A,,,N/A,
JPN,Japan,Developed Countries,Asia-Pacific Developed,Asia-Pacific Developed (others),Asia,Eastern Asia,Eastern Asia,Developed,,,,Annex I,Annex II,II,,OECD,High,
NFK,Norfolk Island,Developed Countries,Asia-Pacific Developed,Asia-Pacific Developed (others),Oceania,Australia and New Zealand,Australia and New Zealand,Developed,,,,Territory,,N/A,,,N/A,
AUS,Australia,Developed Countries,Asia-Pacific Developed,Australia & New Zealand,Oceania,Australia and New Zealand,Australia and New Zealand,Developed,,,,Annex I,Annex II,V,,OECD,High,
NZL,New Zealand,Developed Countries,Asia-Pacific Developed,Australia & New Zealand,Oceania,Australia and New Zealand,Australia and New Zealand,Developed,,,,Annex I,Annex II,V,,OECD,High,
AIA,Anguilla,Latin America and Caribbean,Latin America and Caribbean,Caribbean,Americas,Latin America and the Caribbean,Caribbean,Developing,SIDS,,,Territory,,N/A,,,N/A,
ATG,Antigua and Barbuda,Latin America and Caribbean,Latin America and Caribbean,Caribbean,Americas,Latin America and the Caribbean,Caribbean,Developing,SIDS,,,Non-Annex I,,IV,,,High,
ABW,Aruba,Latin America and Caribbean,Latin America and Caribbean,Caribbean,Americas,Latin America and the Caribbean,Caribbean,Developing,SIDS,,,Territory,,N/A,,,High,
BHS,Bahamas,Latin America and Caribbean,Latin America and Caribbean,Caribbean,Americas,Latin America and the Caribbean,Caribbean,Developing,SIDS,,,Non-Annex I,,IV,,,High,
BRB,Barbados,Latin America and Caribbean,Latin America and Caribbean,Caribbean,Americas,Latin America and the Caribbean,Caribbean,Developing,SIDS,,,Non-Annex I,,IV,,,High,
BES,"Bonaire, Sint Eustatius and Saba",Latin America and Caribbean,Latin America and Caribbean,Caribbean,Americas,Latin America and the Caribbean,Caribbean,Developing,SIDS,,,Territory,,N/A,,,N/A,
VGB,British Virgin Islands,Latin America and Caribbean,Latin America and Caribbean,Caribbean,Americas,Latin America and the Caribbean,Caribbean,Developing,SIDS,,,Territory,,N/A,,,High,
CYM,Cayman Islands,Latin America and Caribbean,Latin America and Caribbean,Caribbean,Americas,Latin America and the Caribbean,Caribbean,Developing,,,,Territory,,N/A,,,High,
CUB,Cuba,Latin America and Caribbean,Latin America and Caribbean,Caribbean,Americas,Latin America and the Caribbean,Caribbean,Developing,SIDS,,,Non-Annex I,,IV,,,Upper middle,
CUW,Curaçao,Latin America and Caribbean,Latin America and Caribbean,Caribbean,Americas,Latin America and the Caribbean,Caribbean,Developing,SIDS,,,Territory,,N/A,,,High,
DMA,Dominica,Latin America and Caribbean,Latin America and Caribbean,Caribbean,Americas,Latin America and the Caribbean,Caribbean,Developing,SIDS,,,Non-Annex I,,IV,,,Upper middle,
DOM,Dominican Republic,Latin America and Caribbean,Latin America and Caribbean,Caribbean,Americas,Latin America and the Caribbean,Caribbean,Developing,SIDS,,,Non-Annex I,,IV,,,Upper middle,
GRD,Grenada,Latin America and Caribbean,Latin America and Caribbean,Caribbean,Americas,Latin America and the Caribbean,Caribbean,Developing,SIDS,,,Non-Annex I,,IV,,,Upper middle,
GLP,Guadeloupe,Latin America and Caribbean,Latin America and Caribbean,Caribbean,Americas,Latin America and the Caribbean,Caribbean,Developing,,,,Territory,,N/A,,,N/A,
HTI,Haiti,Latin America and Caribbean,Latin America and Caribbean,Caribbean,Americas,Latin America and the Caribbean,Caribbean,Developing,SIDS,,LDC,Non-Annex I,,IV,,,Lower-middle,
JAM,Jamaica,Latin America and Caribbean,Latin America and Caribbean,Caribbean,Americas,Latin America and the Caribbean,Caribbean,Developing,SIDS,,,Non-Annex I,,IV,,,Upper middle,
MTQ,Martinique,Latin America and Caribbean,Latin America and Caribbean,Caribbean,Americas,Latin America and the Caribbean,Caribbean,Developing,,,,Territory,,N/A,,,N/A,
MSR,Montserrat,Latin America and Caribbean,Latin America and Caribbean,Caribbean,Americas,Latin America and the Caribbean,Caribbean,Developing,SIDS,,,Territory,,N/A,,,N/A,
PRI,Puerto Rico,Latin America and Caribbean,Latin America and Caribbean,Caribbean,Americas,Latin America and the Caribbean,Caribbean,Developing,SIDS,,,Territory,,N/A,,,High,
BLM,Saint Barthélemy,Latin America and Caribbean,Latin America and Caribbean,Caribbean,Americas,Latin America and the Caribbean,Caribbean,Developing,,,,Territory,,N/A,,,N/A,
SXM,Sint Maarten (Dutch part),Latin America and Caribbean,Latin America and Caribbean,Caribbean,Americas,Latin America and the Caribbean,Caribbean,Developing,SIDS,,,Territory,,N/A,,,High,
KNA,St. Kitts and Nevis,Latin America and Caribbean,Latin America and Caribbean,Caribbean,Americas,Latin America and the Caribbean,Caribbean,Developing,SIDS,,,Non-Annex I,,IV,,,High,
LCA,St. Lucia,Latin America and Caribbean,Latin America and Caribbean,Caribbean,Americas,Latin America and the Caribbean,Caribbean,Developing,SIDS,,,Non-Annex I,,IV,,,Upper middle,
MAF,St. Martin (French part),Latin America and Caribbean,Latin America and Caribbean,Caribbean,Americas,Latin America and the Caribbean,Caribbean,Developing,,,,Territory,,N/A,,,High,
VCT,St. Vincent and the Grenadines,Latin America and Caribbean,Latin America and Caribbean,Caribbean,Americas,Latin America and the Caribbean,Caribbean,Developing,SIDS,,,Non-Annex I,,IV,,,Upper middle,
TTO,Trinidad and Tobago,Latin America and Caribbean,Latin America and Caribbean,Caribbean,Americas,Latin America and the Caribbean,Caribbean,Developing,SIDS,,,Non-Annex I,,IV,,,High,
TCA,Turks and Caicos Islands,Latin America and Caribbean,Latin America and Caribbean,Caribbean,Americas,Latin America and the Caribbean,Caribbean,Developing,,,,Territory,,N/A,,,High,
VIR,Virgin Islands (U.S.),Latin America and Caribbean,Latin America and Caribbean,Caribbean,Americas,Latin America and the Caribbean,Caribbean,Developing,SIDS,,,Territory,,N/A,,,High,
ASM,American Samoa,Asia and developing Pacific,South-East Asia and developing Pacific,Developing Pacific,Oceania,Polynesia,Polynesia,Developing,SIDS,,,Territory,,N/A,,,Upper middle,
COK,Cook Islands,Asia and developing Pacific,South-East Asia and developing Pacific,Developing Pacific,Oceania,Polynesia,Polynesia,Developing,SIDS,,,Non-Annex I,,V,,,N/A,
FJI,Fiji,Asia and developing Pacific,South-East Asia and developing Pacific,Developing Pacific,Oceania,Melanesia,Melanesia,Developing,SIDS,,,Non-Annex I,,V,,,Upper middle,
PYF,French Polynesia,Asia and developing Pacific,South-East Asia and developing Pacific,Developing Pacific,Oceania,Polynesia,Polynesia,Developing,SIDS,,,Territory,,N/A,,,High,
GUM,Guam,Asia and developing Pacific,South-East Asia and developing Pacific,Developing Pacific,Oceania,Micronesia,Micronesia,Developing,SIDS,,,Territory,,N/A,,,High,
KIR,Kiribati,Asia and developing Pacific,South-East Asia and developing Pacific,Developing Pacific,Oceania,Micronesia,Micronesia,Developing,SIDS,,LDC,Non-Annex I,,V,,,Lower-middle,
MHL,Marshall Islands,Asia and developing Pacific,South-East Asia and developing Pacific,Developing Pacific,Oceania,Micronesia,Micronesia,Developing,SIDS,,,Non-Annex I,,V,,,Upper middle,
FSM,"Micronesia, Fed. Sts.",Asia and developing Pacific,South-East Asia and developing Pacific,Developing Pacific,Oceania,Micronesia,Micronesia,Developing,SIDS,,,Non-Annex I,,V,,,Lower-middle,
NRU,Nauru,Asia and developing Pacific,South-East Asia and developing Pacific,Developing Pacific,Oceania,Micronesia,Micronesia,Developing,SIDS,,,Non-Annex I,,V,,,High,
NCL,New Caledonia,Asia and developing Pacific,South-East Asia and developing Pacific,Developing Pacific,Oceania,Melanesia,Melanesia,Developing,SIDS,,,Territory,,N/A,,,High,
NIU,Niue,Asia and developing Pacific,South-East Asia and developing Pacific,Developing Pacific,Oceania,Polynesia,Polynesia,Developing,SIDS,,,Non-Annex I,,V,,,N/A,
MNP,Northern Mariana Islands,Asia and developing Pacific,South-East Asia and developing Pacific,Developing Pacific,Oceania,Micronesia,Micronesia,Developing,SIDS,,,Territory,,N/A,,,High,
PLW,Palau,Asia and developing Pacific,South-East Asia and developing Pacific,Developing Pacific,Oceania,Micronesia,Micronesia,Developing,SIDS,,,Non-Annex I,,V,,,High,
PNG,Papua New Guinea,Asia and developing Pacific,South-East Asia and developing Pacific,Developing Pacific,Oceania,Melanesia,Melanesia,Developing,SIDS,,,Non-Annex I,,V,,,Lower-middle,
PCN,Pitcairn,Asia and developing Pacific,South-East Asia and developing Pacific,Developing Pacific,Oceania,Polynesia,Polynesia,Developing,,,,Territory,,N/A,,,N/A,
WSM,Samoa,Asia and developing Pacific,South-East Asia and developing Pacific,Developing Pacific,Oceania,Polynesia,Polynesia,Developing,SIDS,,,Non-Annex I,,V,,,Lower-middle,
SLB,Solomon Islands,Asia and developing Pacific,South-East Asia and developing Pacific,Developing Pacific,Oceania,Melanesia,Melanesia,Developing,SIDS,,LDC,Non-Annex I,,V,,,Lower-middle,
TKL,Tokelau,Asia and developing Pacific,South-East Asia and developing Pacific,Developing Pacific,Oceania,Polynesia,Polynesia,Developing,,,,Territory,,N/A,,,N/A,
TON,Tonga,Asia and developing Pacific,South-East Asia and developing Pacific,Developing Pacific,Oceania,Polynesia,Polynesia,Developing,SIDS,,,Non-Annex I,,V,,,Upper middle,
TUV,Tuvalu,Asia and developing Pacific,South-East Asia and developing Pacific,Developing Pacific,Oceania,Polynesia,Polynesia,Developing,SIDS,,LDC,Non-Annex I,,V,,,Upper middle,
UMI,United States Minor Outlying Islands,Asia and developing Pacific,South-East Asia and developing Pacific,Developing Pacific,Oceania,Micronesia,Micronesia,Developing,,,,Territory,,N/A,,,N/A,
VUT,Vanuatu,Asia and developing Pacific,South-East Asia and developing Pacific,Developing Pacific,Oceania,Melanesia,Melanesia,Developing,SIDS,,,Non-Annex I,,V,,,Lower-middle,
WLF,Wallis and Futuna Islands,Asia and developing Pacific,South-East Asia and developing Pacific,Developing Pacific,Oceania,Polynesia,Polynesia,Developing,,,,Territory,,N/A,,,N/A,
IOT,British Indian Ocean Territory,Africa,Africa,Eastern Africa,Africa,Sub-Saharan Africa,Eastern Africa,Developing,,,,Territory,,N/A,,,N/A,
BDI,Burundi,Africa,Africa,Eastern Africa,Africa,Sub-Saharan Africa,Eastern Africa,Developing,,LLDC,LDC,Non-Annex I,,I,,,Low,
COM,Comoros,Africa,Africa,Eastern Africa,Africa,Sub-Saharan Africa,Eastern Africa,Developing,SIDS,,LDC,Non-Annex I,,I,,,Lower-middle,
DJI,Djibouti,Africa,Africa,Eastern Africa,Africa,Sub-Saharan Africa,Eastern Africa,Developing,,,LDC,Non-Annex I,,I,,,Lower-middle,
ERI,Eritrea,Africa,Africa,Eastern Africa,Africa,Sub-Saharan Africa,Eastern Africa,Developing,,,LDC,Non-Annex I,,I,,,Low,
ETH,Ethiopia,Africa,Africa,Eastern Africa,Africa,Sub-Saharan Africa,Eastern Africa,Developing,,LLDC,LDC,Non-Annex I,,I,,,Low,
ATF,French Southern Territories,Africa,Africa,Eastern Africa,Africa,Sub-Saharan Africa,Eastern Africa,Developing,,,,Territory,,N/A,,,N/A,
KEN,Kenya,Africa,Africa,Eastern Africa,Africa,Sub-Saharan Africa,Eastern Africa,Developing,,,,Non-Annex I,,I,,,Lower-middle,
MDG,Madagascar,Africa,Africa,Eastern Africa,Africa,Sub-Saharan Africa,Eastern Africa,Developing,,,LDC,Non-Annex I,,I,,,Low,
MWI,Malawi,Africa,Africa,Eastern Africa,Africa,Sub-Saharan Africa,Eastern Africa,Developing,,LLDC,LDC,Non-Annex I,,I,,,Low,
MUS,Mauritius,Africa,Africa,Eastern Africa,Africa,Sub-Saharan Africa,Eastern Africa,Developing,SIDS,,,Non-Annex I,,I,,,Upper middle,
MYT,Mayotte,Africa,Africa,Eastern Africa,Africa,Sub-Saharan Africa,Eastern Africa,Developing,,,,Territory,,N/A,,,N/A,
MOZ,Mozambique,Africa,Africa,Eastern Africa,Africa,Sub-Saharan Africa,Eastern Africa,Developing,,,LDC,Non-Annex I,,I,,,Low,
REU,Réunion,Africa,Africa,Eastern Africa,Africa,Sub-Saharan Africa,Eastern Africa,Developing,,,,Territory,,N/A,,,N/A,
RWA,Rwanda,Africa,Africa,Eastern Africa,Africa,Sub-Saharan Africa,Eastern Africa,Developing,,LLDC,LDC,Non-Annex I,,I,,,Low,
SYC,Seychelles,Africa,Africa,Eastern Africa,Africa,Sub-Saharan Africa,Eastern Africa,Developing,SIDS,,,Non-Annex I,,I,,,High,
SOM,Somalia,Africa,Africa,Eastern Africa,Africa,Sub-Saharan Africa,Eastern Africa,Developing,,,LDC,Non-Annex I,,I,,,Low,
SSD,South Sudan,Africa,Africa,Eastern Africa,Africa,Sub-Saharan Africa,Eastern Africa,Developing,,LLDC,LDC,Non-Annex I,,I,,,Low,
UGA,Uganda,Africa,Africa,Eastern Africa,Africa,Sub-Saharan Africa,Eastern Africa,Developing,,LLDC,LDC,Non-Annex I,,I,,,Low,
TZA,United Republic of Tanzania,Africa,Africa,Eastern Africa,Africa,Sub-Saharan Africa,Eastern Africa,Developing,,,LDC,Non-Annex I,,I,,,Lower-middle,
ZMB,Zambia,Africa,Africa,Eastern Africa,Africa,Sub-Saharan Africa,Eastern Africa,Developing,,LLDC,LDC,Non-Annex I,,I,,,Lower-middle,
ZWE,Zimbabwe,Africa,Africa,Eastern Africa,Africa,Sub-Saharan Africa,Eastern Africa,Developing,,LLDC,,Non-Annex I,,I,,,Lower-middle,
CHN,China,Asia and developing Pacific,Eastern Asia,Eastern Asia,Asia,Eastern Asia,Eastern Asia,Developing,,,,Non-Annex I,,II,,,Upper middle,
HKG,"Hong Kong SAR, China",Asia and developing Pacific,Eastern Asia,Eastern Asia,Asia,Eastern Asia,Eastern Asia,Developing,,,,Territory,,N/A,,,High,
PRK,"Korea, Dem. People's Rep.",Asia and developing Pacific,Eastern Asia,Eastern Asia,Asia,Eastern Asia,Eastern Asia,Developing,,,,Non-Annex I,,II,,,Low,
KOR,"Korea, Rep.",Asia and developing Pacific,Eastern Asia,Eastern Asia,Asia,Eastern Asia,Eastern Asia,Developing,,,,Non-Annex I,,II,,OECD,High,
MAC,"Macao SAR, China",Asia and developing Pacific,Eastern Asia,Eastern Asia,Asia,Eastern Asia,Eastern Asia,Developing,,,,Territory,,N/A,,,High,
MNG,Mongolia,Asia and developing Pacific,Eastern Asia,Eastern Asia,Asia,Eastern Asia,Eastern Asia,Developing,,LLDC,,Non-Annex I,,II,,,Lower-middle,
TWN,"Taiwan, China",Asia and developing Pacific,Eastern Asia,Eastern Asia,Asia,Eastern Asia,Eastern Asia,Developing,,,,Territory,,N/A,,,High,
KAZ,Kazakhstan,Eastern Europe and West-Central Asia,Eastern Europe and West-Central Asia,Eastern Europe and West-Central Asia,Asia,Central Asia,Central Asia,Developing,,LLDC,,Non-Annex I,,II,,,Upper middle,FSU
KGZ,Kyrgyz Republic,Eastern Europe and West-Central Asia,Eastern Europe and West-Central Asia,Eastern Europe and West-Central Asia,Asia,Central Asia,Central Asia,Developing,,LLDC,,Non-Annex I,,II,,,Lower-middle,FSU
TJK,Tajikistan,Eastern Europe and West-Central Asia,Eastern Europe and West-Central Asia,Eastern Europe and West-Central Asia,Asia,Central Asia,Central Asia,Developing,,LLDC,,Non-Annex I,,II,,,Lower-middle,FSU
TKM,Turkmenistan,Eastern Europe and West-Central Asia,Eastern Europe and West-Central Asia,Eastern Europe and West-Central Asia,Asia,Central Asia,Central Asia,Developing,,LLDC,,Non-Annex I,,II,,,Upper middle,FSU
UZB,Uzbekistan,Eastern Europe and West-Central Asia,Eastern Europe and West-Central Asia,Eastern Europe and West-Central Asia,Asia,Central Asia,Central Asia,Developing,,LLDC,,Non-Annex I,,II,,,Lower-middle,FSU
BLR,Belarus,Eastern Europe and West-Central Asia,Eastern Europe and West-Central Asia,Eastern Europe and West-Central Asia,Europe,Eastern Europe,Eastern Europe,Developed,,,,Annex I,,VI,,,Upper middle,FSU
MDA,Republic of Moldova,Eastern Europe and West-Central Asia,Eastern Europe and West-Central Asia,Eastern Europe and West-Central Asia,Europe,Eastern Europe,Eastern Europe,Developed,,LLDC,,Non-Annex I,,VI,,,Upper middle,FSU
RUS,Russian Federation,Eastern Europe and West-Central Asia,Eastern Europe and West-Central Asia,Eastern Europe and West-Central Asia,Europe,Eastern Europe,Eastern Europe,Developed,,,,Annex I,,VI,,,Upper middle,FSU
UKR,Ukraine,Developed Countries,Eastern Europe and West-Central Asia,Eastern Europe and West-Central Asia,Europe,Eastern Europe,Eastern Europe,Developed,,,,Annex I,,VI,,,Lower-middle,FSU
ARM,Armenia,Eastern Europe and West-Central Asia,Eastern Europe and West-Central Asia,Eastern Europe and West-Central Asia,Asia,Western Asia,Western Asia,Developing,,LLDC,,Non-Annex I,,VI,,,Upper middle,FSU
AZE,Azerbaijan,Eastern Europe and West-Central Asia,Eastern Europe and West-Central Asia,Eastern Europe and West-Central Asia,Asia,Western Asia,Western Asia,Developing,,LLDC,,Non-Annex I,,VI,,,Upper middle,FSU
GEO,Georgia,Eastern Europe and West-Central Asia,Eastern Europe and West-Central Asia,Eastern Europe and West-Central Asia,Asia,Western Asia,Western Asia,Developing,,,,Non-Annex I,,VI,,,Upper middle,FSU
BMU,Bermuda,Developed Countries,North America,"Greenland, Bermuda + others",Americas,Northern America,Northern America,Developed,,,,Territory,,N/A,,,High,
GRL,Greenland,Developed Countries,North America,"Greenland, Bermuda + others",Americas,Northern America,Northern America,Developed,,,,Territory,,N/A,,,High,
SPM,Saint Pierre and Miquelon,Developed Countries,North America,"Greenland, Bermuda + others",Americas,Northern America,Northern America,Developed,,,,Territory,,N/A,,,N/A,
IND,India,Asia and developing Pacific,Southern Asia,India & Sri Lanka,Asia,Southern Asia,Southern Asia,Developing,,,,Non-Annex I,,II,,,Lower-middle,
LKA,Sri Lanka,Asia and developing Pacific,Southern Asia,India & Sri Lanka,Asia,Southern Asia,Southern Asia,Developing,,,,Non-Annex I,,II,,,Lower-middle,
BLZ,Belize,Latin America and Caribbean,Latin America and Caribbean,Meso America,Americas,Latin America and the Caribbean,Central America,Developing,SIDS,,,Non-Annex I,,IV,,,Lower-middle,
CRI,Costa Rica,Latin America and Caribbean,Latin America and Caribbean,Meso America,Americas,Latin America and the Caribbean,Central America,Developing,,,,Non-Annex I,,IV,,OECD,Upper middle,
SLV,El Salvador,Latin America and Caribbean,Latin America and Caribbean,Meso America,Americas,Latin America and the Caribbean,Central America,Developing,,,,Non-Annex I,,IV,,,Lower-middle,
GTM,Guatemala,Latin America and Caribbean,Latin America and Caribbean,Meso America,Americas,Latin America and the Caribbean,Central America,Developing,,,,Non-Annex I,,IV,,,Upper middle,
HND,Honduras,Latin America and Caribbean,Latin America and Caribbean,Meso America,Americas,Latin America and the Caribbean,Central America,Developing,,,,Non-Annex I,,IV,,,Lower-middle,
MEX,Mexico,Latin America and Caribbean,Latin America and Caribbean,Meso America,Americas,Latin America and the Caribbean,Central America,Developing,,,,Non-Annex I,,IV,,OECD,Upper middle,
NIC,Nicaragua,Latin America and Caribbean,Latin America and Caribbean,Meso America,Americas,Latin America and the Caribbean,Central America,Developing,,,,Non-Annex I,,IV,,,Lower-middle,
PAN,Panama,Latin America and Caribbean,Latin America and Caribbean,Meso America,Americas,Latin America and the Caribbean,Central America,Developing,,,,Non-Annex I,,IV,,,Upper middle,
BHR,Bahrain,Middle East,Middle East,Middle East,Asia,Western Asia,Western Asia,Developing,,,,Non-Annex I,,II,,,High,
IRN,"Iran, Islamic Rep.",Middle East,Middle East,Middle East,Asia,Southern Asia,Southern Asia,Developing,,,,Non-Annex I,,II,,,Lower-middle,
IRQ,Iraq,Middle East,Middle East,Middle East,Asia,Western Asia,Western Asia,Developing,,,,Non-Annex I,,II,,,Upper middle,
ISR,Israel,Middle East,Middle East,Middle East,Asia,Western Asia,Western Asia,Developed,,,,Non-Annex I,,VI,,OECD,High,
JOR,Jordan,Middle East,Middle East,Middle East,Asia,Western Asia,Western Asia,Developing,,,,Non-Annex I,,VI,,,Upper middle,
KWT,Kuwait,Middle East,Middle East,Middle East,Asia,Western Asia,Western Asia,Developing,,,,Non-Annex I,,II,,,High,
LBN,Lebanon,Middle East,Middle East,Middle East,Asia,Western Asia,Western Asia,Developing,,,,Non-Annex I,,VI,,,Upper middle,
OMN,Oman,Middle East,Middle East,Middle East,Asia,Western Asia,Western Asia,Developing,,,,Non-Annex I,,II,,,High,
QAT,Qatar,Middle East,Middle East,Middle East,Asia,Western Asia,Western Asia,Developing,,,,Non-Annex I,,II,,,High,
SAU,Saudi Arabia,Middle East,Middle East,Middle East,Asia,Western Asia,Western Asia,Developing,,,,Non-Annex I,,II,,,High,
PSE,State of Palestine,Middle East,Middle East,Middle East,Asia,Western Asia,Western Asia,Developing,,,,Non-Annex I,,N/A,,,Lower-middle,
SYR,Syrian Arab Republic,Middle East,Middle East,Middle East,Asia,Western Asia,Western Asia,Developing,,,,Non-Annex I,,VI,,,Low,
ARE,United Arab Emirates,Middle East,Middle East,Middle East,Asia,Western Asia,Western Asia,Developing,,,,Non-Annex I,,II,,,High,
YEM,"Yemen, Rep.",Middle East,Middle East,Middle East,Asia,Western Asia,Western Asia,Developing,,,LDC,Non-Annex I,,II,,,Low,
DZA,Algeria,Africa,Africa,North Africa,Africa,Northern Africa,Northern Africa,Developing,,,,Non-Annex I,,I,,,Lower-middle,
EGY,Egypt,Africa,Africa,North Africa,Africa,Northern Africa,Northern Africa,Developing,,,,Non-Annex I,,I,,,Lower-middle,
LBY,Libya,Africa,Africa,North Africa,Africa,Northern Africa,Northern Africa,Developing,,,,Non-Annex I,,I,,,Upper middle,
MAR,Morocco,Africa,Africa,North Africa,Africa,Northern Africa,Northern Africa,Developing,,,,Non-Annex I,,I,,,Lower-middle,
SDN,Sudan,Africa,Africa,North Africa,Africa,Northern Africa,Northern Africa,Developing,,,LDC,Non-Annex I,,I,,,Low,
TUN,Tunisia,Africa,Africa,North Africa,Africa,Northern Africa,Northern Africa,Developing,,,,Non-Annex I,,I,,,Lower-middle,
ESH,Western Sahara,Africa,Africa,North Africa,Africa,Northern Africa,Northern Africa,Developing,,,,Territory,,N/A,,,N/A,
BGR,Bulgaria,Developed Countries,Europe,Southern and eastern Europe,Europe,Eastern Europe,Eastern Europe,Developed,,,,Annex I,,VI,EU,,Upper middle,
CZE,Czechia,Developed Countries,Europe,Southern and eastern Europe,Europe,Eastern Europe,Eastern Europe,Developed,,,,Annex I,,VI,EU,OECD,High,
HUN,Hungary,Developed Countries,Europe,Southern and eastern Europe,Europe,Eastern Europe,Eastern Europe,Developed,,,,Annex I,,VI,EU,OECD,High,
POL,Poland,Developed Countries,Europe,Southern and eastern Europe,Europe,Eastern Europe,Eastern Europe,Developed,,,,Annex I,,VI,EU,OECD,High,
ROU,Romania,Developed Countries,Europe,Southern and eastern Europe,Europe,Eastern Europe,Eastern Europe,Developed,,,,Annex I,,VI,EU,,Upper middle,
SVK,Slovakia,Developed Countries,Europe,Southern and eastern Europe,Europe,Eastern Europe,Eastern Europe,Developed,,,,Annex I,,VI,EU,OECD,High,
ALA,Åland Islands,Developed Countries,Europe,Northern and western Europe,Europe,Northern Europe,Northern Europe,Developed,,,,Territory,,N/A,,,N/A,
DNK,Denmark,Developed Countries,Europe,Northern and western Europe,Europe,Northern Europe,Northern Europe,Developed,,,,Annex I,Annex II,VI,EU,OECD,High,
EST,Estonia,Developed Countries,Europe,Northern and western Europe,Europe,Northern Europe,Northern Europe,Developed,,,,Annex I,,VI,EU,OECD,High,FSU
FRO,Faroe Islands,Developed Countries,Europe,Northern and western Europe,Europe,Northern Europe,Northern Europe,Developed,,,,Territory,,N/A,,,High,
FIN,Finland,Developed Countries,Europe,Northern and western Europe,Europe,Northern Europe,Northern Europe,Developed,,,,Annex I,Annex II,VI,EU,OECD,High,
GGY,Guernsey,Developed Countries,Europe,Northern and western Europe,Europe,Northern Europe,Channel Islands,Developed,,,,Territory,,N/A,,,High,
ISL,Iceland,Developed Countries,Europe,Northern and western Europe,Europe,Northern Europe,Northern Europe,Developed,,,,Annex I,Annex II,VI,,OECD,High,
IRL,Ireland,Developed Countries,Europe,Northern and western Europe,Europe,Northern Europe,Northern Europe,Developed,,,,Annex I,Annex II,VI,EU,OECD,High,
IMN,Isle of Man,Developed Countries,Europe,Northern and western Europe,Europe,Northern Europe,Northern Europe,Developed,,,,Territory,,N/A,,,High,
JEY,Jersey,Developed Countries,Europe,Northern and western Europe,Europe,Northern Europe,Channel Islands,Developed,,,,Territory,,N/A,,,High,
LVA,Latvia,Developed Countries,Europe,Northern and western Europe,Europe,Northern Europe,Northern Europe,Developed,,,,Annex I,,VI,EU,OECD,High,FSU
LTU,Lithuania,Developed Countries,Europe,Northern and western Europe,Europe,Northern Europe,Northern Europe,Developed,,,,Annex I,,VI,EU,OECD,High,FSU
NOR,Norway,Developed Countries,Europe,Northern and western Europe,Europe,Northern Europe,Northern Europe,Developed,,,,Annex I,Annex II,VI,,OECD,High,
SJM,Svalbard and Jan Mayen,Developed Countries,Europe,Northern and western Europe,Europe,Northern Europe,Northern Europe,Developed,,,,Territory,,N/A,,,N/A,
SWE,Sweden,Developed Countries,Europe,Northern and western Europe,Europe,Northern Europe,Northern Europe,Developed,,,,Annex I,Annex II,VI,EU,OECD,High,
GBR,United Kingdom of Great Britain and Northern Ireland,Developed Countries,Europe,Northern and western Europe,Europe,Northern Europe,Northern Europe,Developed,,,,Annex I,Annex II,VI,,OECD,High,
ALB,Albania,Developed Countries,Europe,Southern and eastern Europe,Europe,Southern Europe,Southern Europe,Developed,,,,Non-Annex I,,VI,,,Upper middle,
AND,Andorra,Developed Countries,Europe,Southern and eastern Europe,Europe,Southern Europe,Southern Europe,Developed,,,,Non-Annex I,,VI,,,High,
BIH,Bosnia and Herzegovina,Developed Countries,Europe,Southern and eastern Europe,Europe,Southern Europe,Southern Europe,Developed,,,,Non-Annex I,,VI,,,Upper middle,
AFG,Afghanistan,Asia and developing Pacific,Southern Asia,Rest of Southern Asia,Asia,Southern Asia,Southern Asia,Developing,,LLDC,LDC,Non-Annex I,,II,,,Low,
BGD,Bangladesh,Asia and developing Pacific,Southern Asia,Rest of Southern Asia,Asia,Southern Asia,Southern Asia,Developing,,,LDC,Non-Annex I,,II,,,Lower-middle,
BTN,Bhutan,Asia and developing Pacific,Southern Asia,Rest of Southern Asia,Asia,Southern Asia,Southern Asia,Developing,,LLDC,LDC,Non-Annex I,,II,,,Lower-middle,
MDV,Maldives,Asia and developing Pacific,Southern Asia,Rest of Southern Asia,Asia,Southern Asia,Southern Asia,Developing,SIDS,,,Non-Annex I,,II,,,Upper middle,
NPL,Nepal,Asia and developing Pacific,Southern Asia,Rest of Southern Asia,Asia,Southern Asia,Southern Asia,Developing,,LLDC,LDC,Non-Annex I,,II,,,Lower-middle,
PAK,Pakistan,Asia and developing Pacific,Southern Asia,Rest of Southern Asia,Asia,Southern Asia,Southern Asia,Developing,,,,Non-Annex I,,II,,,Lower-middle,
ARG,Argentina,Latin America and Caribbean,Latin America and Caribbean,South America,Americas,Latin America and the Caribbean,South America,Developing,,,,Non-Annex I,,III,,,Upper middle,
BOL,Bolivia (Plurinational State of),Latin America and Caribbean,Latin America and Caribbean,South America,Americas,Latin America and the Caribbean,South America,Developing,,LLDC,,Non-Annex I,,III,,,Lower-middle,
BVT,Bouvet Island,Latin America and Caribbean,Latin America and Caribbean,South America,Americas,Latin America and the Caribbean,South America,Developing,,,,Territory,,N/A,,,N/A,
BRA,Brazil,Latin America and Caribbean,Latin America and Caribbean,South America,Americas,Latin America and the Caribbean,South America,Developing,,,,Non-Annex I,,III,,,Upper middle,
CHL,Chile,Latin America and Caribbean,Latin America and Caribbean,South America,Americas,Latin America and the Caribbean,South America,Developing,,,,Non-Annex I,,III,,OECD,High,
COL,Colombia,Latin America and Caribbean,Latin America and Caribbean,South America,Americas,Latin America and the Caribbean,South America,Developing,,,,Non-Annex I,,III,,OECD,Upper middle,
ECU,Ecuador,Latin America and Caribbean,Latin America and Caribbean,South America,Americas,Latin America and the Caribbean,South America,Developing,,,,Non-Annex I,,III,,,Upper middle,
FLK,Falkland Islands (Malvinas),Latin America and Caribbean,Latin America and Caribbean,South America,Americas,Latin America and the Caribbean,South America,Developing,,,,Territory,,N/A,,,N/A,
GUF,French Guiana,Latin America and Caribbean,Latin America and Caribbean,South America,Americas,Latin America and the Caribbean,South America,Developing,,,,Territory,,N/A,,,N/A,
GUY,Guyana,Latin America and Caribbean,Latin America and Caribbean,South America,Americas,Latin America and the Caribbean,South America,Developing,SIDS,,,Non-Annex I,,III,,,Upper middle,
PRY,Paraguay,Latin America and Caribbean,Latin America and Caribbean,South America,Americas,Latin America and the Caribbean,South America,Developing,,LLDC,,Non-Annex I,,III,,,Upper middle,
PER,Peru,Latin America and Caribbean,Latin America and Caribbean,South America,Americas,Latin America and the Caribbean,South America,Developing,,,,Non-Annex I,,III,,,Upper middle,
SGS,South Georgia and the South Sandwich Islands,Latin America and Caribbean,Latin America and Caribbean,South America,Americas,Latin America and the Caribbean,South America,Developing,,,,Territory,,N/A,,,N/A,
SUR,Suriname,Latin America and Caribbean,Latin America and Caribbean,South America,Americas,Latin America and the Caribbean,South America,Developing,SIDS,,,Non-Annex I,,III,,,Upper middle,
URY,Uruguay,Latin America and Caribbean,Latin America and Caribbean,South America,Americas,Latin America and the Caribbean,South America,Developing,,,,Non-Annex I,,III,,,High,
VEN,Venezuela (Bolivarian Republic of) ,Latin America and Caribbean,Latin America and Caribbean,South America,Americas,Latin America and the Caribbean,South America,Developing,,,,Non-Annex I,,III,,,Upper middle,
BRN,Brunei Darussalam,Asia and developing Pacific,South-East Asia and developing Pacific,South-East Asia,Asia,South-Eastern Asia,South-Eastern Asia,Developing,,,,Non-Annex I,,V,,,High,
KHM,Cambodia,Asia and developing Pacific,South-East Asia and developing Pacific,South-East Asia,Asia,South-Eastern Asia,South-Eastern Asia,Developing,,,LDC,Non-Annex I,,II,,,Lower-middle,
IDN,Indonesia,Asia and developing Pacific,South-East Asia and developing Pacific,South-East Asia,Asia,South-Eastern Asia,South-Eastern Asia,Developing,,,,Non-Annex I,,V,,,Lower-middle,
LAO,Lao People's Democratic Republic ,Asia and developing Pacific,South-East Asia and developing Pacific,South-East Asia,Asia,South-Eastern Asia,South-Eastern Asia,Developing,,LLDC,LDC,Non-Annex I,,II,,,Lower-middle,
MYS,Malaysia,Asia and developing Pacific,South-East Asia and developing Pacific,South-East Asia,Asia,South-Eastern Asia,South-Eastern Asia,Developing,,,,Non-Annex I,,V,,,Upper middle,
MMR,Myanmar,Asia and developing Pacific,South-East Asia and developing Pacific,South-East Asia,Asia,South-Eastern Asia,South-Eastern Asia,Developing,,,LDC,Non-Annex I,,II,,,Lower-middle,
PHL,Philippines,Asia and developing Pacific,South-East Asia and developing Pacific,South-East Asia,Asia,South-Eastern Asia,South-Eastern Asia,Developing,,,,Non-Annex I,,V,,,Lower-middle,
SGP,Singapore,Asia and developing Pacific,South-East Asia and developing Pacific,South-East Asia,Asia,South-Eastern Asia,South-Eastern Asia,Developing,SIDS,,,Non-Annex I,,V,,,High,
THA,Thailand,Asia and developing Pacific,South-East Asia and developing Pacific,South-East Asia,Asia,South-Eastern Asia,South-Eastern Asia,Developing,,,,Non-Annex I,,II,,,Upper middle,
TLS,Timor-Leste,Asia and developing Pacific,South-East Asia and developing Pacific,South-East Asia,Asia,South-Eastern Asia,South-Eastern Asia,Developing,SIDS,,LDC,Non-Annex I,,V,,,Lower-middle,
VNM,Vietnam,Asia and developing Pacific,South-East Asia and developing Pacific,South-East Asia,Asia,South-Eastern Asia,South-Eastern Asia,Developing,,,,Non-Annex I,,II,,,Lower-middle,
HRV,Croatia,Developed Countries,Europe,Southern and eastern Europe,Europe,Southern Europe,Southern Europe,Developed,,,,Annex I,,VI,EU,,High,
GIB,Gibraltar,Developed Countries,Europe,Southern and eastern Europe,Europe,Southern Europe,Southern Europe,Developed,,,,Territory,,N/A,,,High,
GRC,Greece,Developed Countries,Europe,Southern and eastern Europe,Europe,Southern Europe,Southern Europe,Developed,,,,Annex I,Annex II,VI,EU,OECD,High,
VAT,Holy See,Developed Countries,Europe,Southern and eastern Europe,Europe,Southern Europe,Southern Europe,Developed,,,,Territory,,N/A,,,N/A,
ITA,Italy,Developed Countries,Europe,Southern and eastern Europe,Europe,Southern Europe,Southern Europe,Developed,,,,Annex I,Annex II,VI,EU,OECD,High,
MLT,Malta,Developed Countries,Europe,Southern and eastern Europe,Europe,Southern Europe,Southern Europe,Developed,,,,Annex I,,VI,EU,,High,
MNE,Montenegro,Developed Countries,Europe,Southern and eastern Europe,Europe,Southern Europe,Southern Europe,Developed,,,,Non-Annex I,,VI,,,Upper middle,
MKD,North Macedonia,Developed Countries,Europe,Southern and eastern Europe,Europe,Southern Europe,Southern Europe,Developed,,LLDC,,Non-Annex I,,VI,,,Upper middle,
PRT,Portugal,Developed Countries,Europe,Southern and eastern Europe,Europe,Southern Europe,Southern Europe,Developed,,,,Annex I,Annex II,VI,EU,OECD,High,
SMR,San Marino,Developed Countries,Europe,Southern and eastern Europe,Europe,Southern Europe,Southern Europe,Developed,,,,Non-Annex I,,VI,,,High,
SRB,Serbia,Developed Countries,Europe,Southern and eastern Europe,Europe,Southern Europe,Southern Europe,Developed,,,,Non-Annex I,,VI,,,Upper middle,
SVN,Slovenia,Developed Countries,Europe,Southern and eastern Europe,Europe,Southern Europe,Southern Europe,Developed,,,,Annex I,,VI,EU,OECD,High,
ESP,Spain,Developed Countries,Europe,Southern and eastern Europe,Europe,Southern Europe,Southern Europe,Developed,,,,Annex I,Annex II,VI,EU,OECD,High,
CYP,Cyprus,Developed Countries,Europe,Southern and eastern Europe,Asia,Western Asia,Western Asia,Developed,,,,Annex I,,VI,EU,,High,
TUR,Turkey,Developed Countries,Europe,Southern and eastern Europe,Asia,Western Asia,Western Asia,Developed,,,,Annex I,Annex II,VI,,OECD,Upper middle,
AUT,Austria,Developed Countries,Europe,Northern and western Europe,Europe,Western Europe,Western Europe,Developed,,,,Annex I,Annex II,VI,EU,OECD,High,
BEL,Belgium,Developed Countries,Europe,Northern and western Europe,Europe,Western Europe,Western Europe,Developed,,,,Annex I,Annex II,VI,EU,OECD,High,
FRA,France,Developed Countries,Europe,Northern and western Europe,Europe,Western Europe,Western Europe,Developed,,,,Annex I,Annex II,VI,EU,OECD,High,
DEU,Germany,Developed Countries,Europe,Northern and western Europe,Europe,Western Europe,Western Europe,Developed,,,,Annex I,Annex II,VI,EU,OECD,High,
LIE,Liechtenstein,Developed Countries,Europe,Northern and western Europe,Europe,Western Europe,Western Europe,Developed,,,,Annex I,,VI,,,High,
LUX,Luxembourg,Developed Countries,Europe,Northern and western Europe,Europe,Western Europe,Western Europe,Developed,,,,Annex I,Annex II,VI,EU,OECD,High,
MCO,Monaco,Developed Countries,Europe,Northern and western Europe,Europe,Western Europe,Western Europe,Developed,,,,Annex I,,VI,,,High,
NLD,Netherlands,Developed Countries,Europe,Northern and western Europe,Europe,Western Europe,Western Europe,Developed,,,,Annex I,Annex II,VI,EU,OECD,High,
CHE,Switzerland,Developed Countries,Europe,Northern and western Europe,Europe,Western Europe,Western Europe,Developed,,,,Annex I,Annex II,VI,,OECD,High,
AGO,Angola,Africa,Africa,Southern and middle Africa,Africa,Sub-Saharan Africa,Middle Africa,Developing,,,LDC,Non-Annex I,,I,,,Lower-middle,
BWA,Botswana,Africa,Africa,Southern and middle Africa,Africa,Sub-Saharan Africa,Southern Africa,Developing,,LLDC,,Non-Annex I,,I,,,Upper middle,
CMR,Cameroon,Africa,Africa,Southern and middle Africa,Africa,Sub-Saharan Africa,Middle Africa,Developing,,,,Non-Annex I,,I,,,Lower-middle,
CAF,Central African Republic,Africa,Africa,Southern and middle Africa,Africa,Sub-Saharan Africa,Middle Africa,Developing,,LLDC,LDC,Non-Annex I,,I,,,Low,
TCD,Chad,Africa,Africa,Southern and middle Africa,Africa,Sub-Saharan Africa,Middle Africa,Developing,,LLDC,LDC,Non-Annex I,,I,,,Low,
COG,Congo,Africa,Africa,Southern and middle Africa,Africa,Sub-Saharan Africa,Middle Africa,Developing,,,,Non-Annex I,,I,,,Lower-middle,
COD,Democratic Republic of the Congo,Africa,Africa,Southern and middle Africa,Africa,Sub-Saharan Africa,Middle Africa,Developing,,,LDC,Non-Annex I,,I,,,Low,
GNQ,Equatorial Guinea,Africa,Africa,Southern and middle Africa,Africa,Sub-Saharan Africa,Middle Africa,Developing,,,,Non-Annex I,,I,,,Upper middle,
SWZ,Eswatini,Africa,Africa,Southern and middle Africa,Africa,Sub-Saharan Africa,Southern Africa,Developing,,LLDC,,Non-Annex I,,I,,,Lower-middle,
GAB,Gabon,Africa,Africa,Southern and middle Africa,Africa,Sub-Saharan Africa,Middle Africa,Developing,,,,Non-Annex I,,I,,,Upper middle,
LSO,Lesotho,Africa,Africa,Southern and middle Africa,Africa,Sub-Saharan Africa,Southern Africa,Developing,,LLDC,LDC,Non-Annex I,,I,,,Lower-middle,
NAM,Namibia,Africa,Africa,Southern and middle Africa,Africa,Sub-Saharan Africa,Southern Africa,Developing,,,,Non-Annex I,,I,,,Upper middle,
STP,São Tomé and Principe,Africa,Africa,Southern and middle Africa,Africa,Sub-Saharan Africa,Middle Africa,Developing,SIDS,,LDC,Non-Annex I,,I,,,Lower-middle,
ZAF,South Africa,Africa,Africa,Southern and middle Africa,Africa,Sub-Saharan Africa,Southern Africa,Developing,,,,Non-Annex I,,I,,,Upper middle,
CAN,Canada,Developed Countries,North America,USA & Canada,Americas,Northern America,Northern America,Developed,,,,Annex I,Annex II,IV,,OECD,High,
USA,United States,Developed Countries,North America,USA & Canada,Americas,Northern America,Northern America,Developed,,,,Annex I,Annex II,IV,,OECD,High,
BEN,Benin,Africa,Africa,Western Africa,Africa,Sub-Saharan Africa,Western Africa,Developing,,,LDC,Non-Annex I,,I,,,Lower-middle,
BFA,Burkina Faso,Africa,Africa,Western Africa,Africa,Sub-Saharan Africa,Western Africa,Developing,,LLDC,LDC,Non-Annex I,,I,,,Low,
CPV,Cabo Verde,Africa,Africa,Western Africa,Africa,Sub-Saharan Africa,Western Africa,Developing,SIDS,,,Non-Annex I,,I,,,Lower-middle,
CIV,Côte d'Ivoire,Africa,Africa,Western Africa,Africa,Sub-Saharan Africa,Western Africa,Developing,,,,Non-Annex I,,I,,,Lower-middle,
GMB,Gambia,Africa,Africa,Western Africa,Africa,Sub-Saharan Africa,Western Africa,Developing,,,LDC,Non-Annex I,,I,,,Low,
GHA,Ghana,Africa,Africa,Western Africa,Africa,Sub-Saharan Africa,Western Africa,Developing,,,,Non-Annex I,,I,,,Lower-middle,
GIN,Guinea,Africa,Africa,Western Africa,Africa,Sub-Saharan Africa,Western Africa,Developing,,,LDC,Non-Annex I,,I,,,Low,
GNB,Guinea-Bissau,Africa,Africa,Western Africa,Africa,Sub-Saharan Africa,Western Africa,Developing,SIDS,,LDC,Non-Annex I,,I,,,Low,
LBR,Liberia,Africa,Africa,Western Africa,Africa,Sub-Saharan Africa,Western Africa,Developing,,,LDC,Non-Annex I,,I,,,Low,
MLI,Mali,Africa,Africa,Western Africa,Africa,Sub-Saharan Africa,Western Africa,Developing,,LLDC,LDC,Non-Annex I,,I,,,Low,
MRT,Mauritania,Africa,Africa,Western Africa,Africa,Sub-Saharan Africa,Western Africa,Developing,,,LDC,Non-Annex I,,I,,,Lower-middle,
NER,Niger,Africa,Africa,Western Africa,Africa,Sub-Saharan Africa,Western Africa,Developing,,LLDC,LDC,Non-Annex I,,I,,,Low,
NGA,Nigeria,Africa,Africa,Western Africa,Africa,Sub-Saharan Africa,Western Africa,Developing,,,,Non-Annex I,,I,,,Lower-middle,
SHN,Saint Helena,Africa,Africa,Western Africa,Africa,Sub-Saharan Africa,Western Africa,Developing,,,,Territory,,N/A,,,N/A,
SEN,Senegal,Africa,Africa,Western Africa,Africa,Sub-Saharan Africa,Western Africa,Developing,,,LDC,Non-Annex I,,I,,,Lower-middle,
SLE,Sierra Leone,Africa,Africa,Western Africa,Africa,Sub-Saharan Africa,Western Africa,Developing,,,LDC,Non-Annex I,,I,,,Low,
TGO,Togo,Africa,Africa,Western Africa,Africa,Sub-Saharan Africa,Western Africa,Developing,,,LDC,Non-Annex I,,I,,,Low,
